!,!il
#,#h
$,$s
&,&a
(,(cil
),)il
*,*aeiou
+,+t
/,/il
0,0o
1,1il
2,2z
3,3eg
4,4a
5,5s
6,6Sbs
7,7t
8,8Hbh
9,9gpq
<,<c
@,@a
A,Aa
B,Bb
C,Cc
D,Dd
E,Ee
F,Ff
G,Gg
H,Hh
I,ILil
J,Jij
K,Kk
L,Lil
M,Mm
N,Nn
O,OQoq
P,Pp
Q,Qq
R,Rr
S,Ss
T,Tt
U,UVuv
V,UVuv
W,Ww
X,Xceiux
Y,Yy
Z,Zz
[,[il
\,\il
],]il
^,^uv
a,a
c,c
d,d
e,e
g,g
h,h
i,il
j,Jij
k,k
l,il
n,n
o,oq
r,r
s,s
t,t
u,uv
v,uv
w,w
x,ceiux
y,y
z,sz
{,il{
|,il|
},il}
Â¢,c
Â¦,il
Ã€,Ã 
Ã,Ã¡
Ã‚,Ã¢
Ãƒ,Ã£
Ã„,Ã¤
Ã…,Ã¥
Ã†,AEaeÃ¦
Ã‡,Ã§
Ãˆ,Ã¨
Ã‰,Ã©
ÃŠ,Ãª
Ã‹,Ã«
ÃŒ,Ã¬
Ã,Ã­
ÃŽ,Ã®
Ã,Ã¯
Ã,Ã°
Ã‘,Ã±
Ã’,Ã²
Ã“,Ã³
Ã”,Ã´
Ã•,Ãµ
Ã–,Ã¶
Ã—,xÃ—
Ã˜,OoÃ¸
Ã™,Ã¹
Ãš,Ãº
Ã›,Ã»
Ãœ,Ã¼
Ã,Ã½
Ãž,Ã¾
Ã¦,ae
Ã¸,o
Ä€,Ä
Ä‚,Äƒ
Ä„,Ä…
Ä†,Ä‡
Äˆ,Ä‰
ÄŠ,Ä‹
ÄŒ,Ä
ÄŽ,Ä
Ä,DdÄ‘
Ä‘,d
Ä’,Ä“
Ä”,Ä•
Ä–,Ä—
Ä˜,Ä™
Äš,Ä›
Äœ,Ä
Äž,ÄŸ
Ä ,Ä¡
Ä¢,Ä£
Ä¤,Ä¥
Ä¦,HhÄ§
Ä§,h
Ä¨,Ä©
Äª,Ä«
Ä¬,Ä­
Ä®,Ä¯
Ä¯,j
Ä°,i
Ä±,iÄ±
Ä²,IJijÄ³
Ä³,ij
Ä´,Äµ
Ä¶,Ä·
Ä¸,Kk
Ä¹,Äº
Ä»,Ä¼
Ä½,Ä¾
Ä¿,LlÅ€
Å€,il
Å,LlÅ‚
Å‚,il
Åƒ,Å„
Å…,Å†
Å‡,Åˆ
Å‰,n
ÅŠ,JNjnÅ‹
Å‹,n
ÅŒ,Å
ÅŽ,Å
Å,Å‘
Å’,CEOceoÅ“
Å“,ceo
Å”,Å•
Å–,Å—
Å˜,Å™
Åš,Å›
Åœ,Å
Åž,ÅŸ
Å ,Å¡
Å¢,Å£
Å¤,Å¥
Å¦,TtÅ§
Å§,t
Å¨,Å©
Åª,Å«
Å¬,Å­
Å®,Å¯
Å°,Å±
Å²,Å³
Å´,Åµ
Å¶,Å·
Å¸,Ã¿
Å¹,Åº
Å»,Å¼
Å½,Å¾
Å¿,fjrÅ¿
Æ€,b
Æ,BbÉ“
Æ‚,bÆƒ
Æƒ,bg
Æ„,bÆ„Æ…
Æ…,bn
Æ†,CcÉ”
Æ‡,CcÆˆ
Æˆ,c
Æ‰,DdÉ–
ÆŠ,DdÉ—
Æ‹,aÆŒ
ÆŒ,a
Æ,gÆ
ÆŽ,EeÇ
Æ,eÉ™
Æ,EeÉ›
Æ‘,FfÆ’
Æ’,f
Æ“,GgÉ 
Æ”,yÉ£
Æ•,hn
Æ–,TltÆ–É©
Æ—,IiÉ¨
Æ˜,KkÆ™
Æ™,k
Æš,Iil
Æ›,ln
Æœ,WwÉ¯
Æ,NnÉ²
Æž,n
ÆŸ,oÉµ
Æ ,Æ¡
Æ¢,OoÆ£
Æ£,o
Æ¤,PpÆ¥
Æ¥,Pp
Æ¦,RrÆ¦Ê€
Æ§,2ZszÆ§Æ¨
Æ¨,sz
Æ©,EeÊƒ
Æª,Iil
Æ«,t
Æ¬,TtÆ­
Æ­,Ee
Æ®,TtÊˆ
Æ¯,Æ°
Æ±,uÊŠ
Æ²,uÊ‹
Æ³,YyÆ´
Æ´,y
Æµ,ZzÆ¶
Æ¶,z
Æ·,3EeÆ·Ê’
Æ¸,EeÆ¹
Æ¹,Ee
Æº,e
Æ»,Zz
Æ¼,5SsÆ¼Æ½
Æ½,SsÆ½
Æ¾,c
Æ¿,p
Ç€,IilÇ€
Ç,Iil
Ç‚,t
Çƒ,Iil
Ç„,DZdzÇ†
Ç…,DdzÇ†
Ç†,dz
Ç‡,WwÇ‰
Çˆ,LjlÇ‰
Ç‰,Iijl
ÇŠ,JNjnÇŒ
Ç‹,NjnÇŒ
ÇŒ,jn
Ç,ÇŽ
Ç,Ç
Ç‘,Ç’
Ç“,Ç”
Ç•,Ç–
Ç—,Ç˜
Ç™,Çš
Ç›,Çœ
Ç,e
Çž,ÇŸ
Ç ,Ç¡
Ç¢,Ç£
Ç¤,GgÇ¥
Ç¥,g
Ç¦,Ç§
Ç¨,Ç©
Çª,Ç«
Ç¬,Ç­
Ç®,Ç¯
Ç±,DZdzÇ³
Ç²,DdzÇ³
Ç³,dz
Ç´,Çµ
Ç¶,HhÆ•
Ç·,PpÆ¿
Ç¸,Ç¹
Çº,Ç»
Ç¼,Ç½
Ç¾,Ç¿
È€,È
È‚,Èƒ
È„,È…
È†,È‡
Èˆ,È‰
ÈŠ,È‹
ÈŒ,È
ÈŽ,È
È,È‘
È’,È“
È”,È•
È–,È—
È˜,È™
Èš,È›
Èœ,3EeÈœÈ
È,e
Èž,ÈŸ
È ,hnÆž
È¡,d
È¢,8SsÈ¢È£
È£,8sÈ£
È¤,ZzÈ¥
È¥,z
È¦,È§
È¨,È©
Èª,È«
È¬,È­
È®,È¯
È°,È±
È²,È³
È´,l
Èµ,n
È¶,t
È·,Jj
È¸,bdo
È¹,opq
Èº,Aaâ±¥
È»,CcÈ¼
È¼,c
È½,LlÆš
È¾,Ttâ±¦
È¿,s
É€,Zz
É,PpÉ‚
É‚,p
Éƒ,BbÆ€
É„,UuÊ‰
É…,nÊŒ
É†,EeÉ‡
É‡,e
Éˆ,JjtÉ‰
É‰,j
ÉŠ,qÉ‹
É‹,q
ÉŒ,RrÉ
É,Ff
ÉŽ,YyÉ
É,y
É,a
É‘,aÉ‘
É’,ao
É”,c
É—,d
É˜,e
ÉŸ,f
É¡,gÉ¡
É£,yÉ£
É¥,h
É©,ilÉ©
Éª,iÉª
É¯,mwÉ¯
É¹,r
É¾,j
É¿,r
Ê‚,s
Ê‡,ft
Ê‹,uÊ‹
ÊŒ,v
Ê,w
ÊŽ,y
Ê,yÊ
Ê,z
Ê’,e
Êœ,h
Ê,ij
Êž,k
Ê°,h
Ê²,j
Ê³,r
Ê·,w
Ê¸,y
Ë›,iË›
Ë¡,l
Ë¢,s
Ë£,x
Í°,Í±
Í²,Í³
Í¶,Í·
Íº,iÍº
Í¿,jÍ¿Ï³
Î†,Î¬
Îˆ,Î­
Î‰,Î®
ÎŠ,Î¯
ÎŒ,ÏŒ
ÎŽ,Ï
Î,ÏŽ
Î‘,aÎ‘Î±
Î’,bÎ’Î²
Î“,Î³
Î”,Î´
Î•,eÎ•Îµ
Î–,zÎ–Î¶
Î—,hÎ—Î·
Î˜,Î¸
Î™,lÎ™Î¹
Îš,kÎšÎº
Î›,vÎ»
Îœ,mÎœÎ¼
Î,nÎÎ½
Îž,Î¾
ÎŸ,oÎŸÎ¿
Î ,Ï€
Î¡,pÎ¡Ï
Î£,Ïƒ
Î¤,tÎ¤Ï„
Î¥,yÎ¥Ï…
Î¦,Ï†
Î§,xÎ§Ï‡
Î¨,Ïˆ
Î©,oÏ‰
Îª,ÏŠ
Î«,Ï‹
Î±,aÎ±
Î²,Bb
Î³,yÎ³
Î´,d
Îµ,e
Î¶,z
Î·,hn
Î¸,o
Î¹,iÎ¹
Îº,k
Î»,l
Î¼,mu
Î½,nvÎ½
Î¿,oÎ¿
Ï€,n
Ï,pÏ
Ï‚,s
Ïƒ,oÏƒ
Ï„,t
Ï…,uÏ…
Ï†,p
Ï‡,x
Ïˆ,t
Ï‰,w
Ï,Ï—
Ï’,yÏ’
Ï˜,qÏ™
Ïš,Ï›
Ïœ,fÏœÏ
Ïž,ÏŸ
Ï ,Ï¡
Ï¢,Ï£
Ï¤,Ï¥
Ï¦,Ï§
Ï¨,2Ï¨Ï©
Ïª,Ï«
Ï¬,Ï­
Ï®,Ï¯
Ï±,gpÏ±
Ï²,cÏ²
Ï³,jÏ³
Ï´,Î¸
Ï·,Ï¸
Ï¹,cÏ²Ï¹
Ïº,mÏºÏ»
Ï½,Í»
Ï¾,Í¼
Ï¿,Í½
Ð€,Ñ
Ð,Ñ‘
Ð‚,hÑ’
Ðƒ,Ñ“
Ð„,EeÑ”
Ð…,SsÐ…Ñ•
Ð†,IilÐ†Ñ–
Ð‡,Ñ—
Ðˆ,JjÐˆÑ˜
Ð‰,bnÑ™
ÐŠ,HbhÑš
Ð‹,hÑ›
ÐŒ,Ñœ
Ð,Ñ
ÐŽ,Ñž
Ð,UuÑŸ
Ð,AaÐÐ°
Ð‘,bÐ±
Ð’,BbÐ’Ð²
Ð“,rÐ³
Ð”,oÐ´
Ð•,EeÐ•Ðµ
Ð–,HXhxÐ¶
Ð—,3EeÐ—Ð·
Ð˜,NnÐ¸
Ð™,Ð¹
Ðš,KkÐšÐº
Ð›,nÐ»
Ðœ,MmÐœÐ¼
Ð,HhÐÐ½
Ðž,OoÐžÐ¾
ÐŸ,nÐ¿
Ð ,PpÐ Ñ€
Ð¡,CcÐ¡Ñ
Ð¢,TbtÐ¢Ñ‚
Ð£,yÐ£Ñƒ
Ð¤,OoÑ„
Ð¥,XxÐ¥Ñ…
Ð¦,UuÑ†
Ð§,huÑ‡
Ð¨,UWuwÑˆ
Ð©,UWuwÑ‰
Ðª,bÑŠ
Ð«,bluÑ‹
Ð¬,BbÐ¬ÑŒ
Ð­,EeÑ
Ð®,HhÑŽ
Ð¯,RrÑ
Ð°,aÐ°
Ð±,6bÐ±
Ð³,rÐ³
Ðµ,eÐµ
Ð½,Hh
Ð¾,oÐ¾
Ñ€,pÑ€
Ñ,cÑ
Ñƒ,yÑƒ
Ñ…,xÑ…
Ñ•,sÑ•
Ñ–,iÑ–
Ñ˜,jÑ˜
Ñ ,wÑ¡
Ñ¡,wÑ¡
Ñ¢,bÑ£
Ñ¤,EeÑ¥
Ñ¦,AaÑ§
Ñ¨,IailÑ©
Ñª,nÑ«
Ñ¬,nÑ­
Ñ®,eÑ¯
Ñ°,uÑ±
Ñ²,OoÑ³
Ñ´,vÑ´Ñµ
Ñµ,vÑµ
Ñ¶,Ñ·
Ñ¸,oÑ¹
Ñº,OoÑ»
Ñ¼,wÑ½
Ñ¾,ouwÑ¿
Ò€,giÒ
ÒŠ,HNhnÒ‹
ÒŒ,bÒ
ÒŽ,pÒ
Ò,rÒ‘
Ò’,FfÒ“
Ò“,Ff
Ò”,FfhÒ•
Ò–,XxÒ—
Ò˜,EeÒ™
Òš,KkÒ›
Òœ,KkÒ
Òž,KkÒŸ
Ò ,KkÒ¡
Ò¢,HhÒ£
Ò¤,HhÒ¥
Ò¦,hmÒ§
Ò¨,aoÒ©
Òª,CcÒ«
Ò¬,TtÒ­
Ò®,YyÒ®Ò¯
Ò¯,yÒ¯
Ò°,YyÒ±
Ò²,XxÒ³
Ò³,x
Ò´,ouÒµ
Ò¶,uÒ·
Ò¸,uÒ¹
Òº,hÒ»
Ò»,hÒ»
Ò¼,eÒ½
Ò½,eÒ½
Ò¾,eÒ¿
Ó€,IilÓ€Ó
Ó,Ó‚
Óƒ,KkÓ„
Ó…,nÓ†
Ó‡,HhÓˆ
Ó‰,HhÓŠ
Ó‹,uÓŒ
Ó,MmÓŽ
Ó,ilÓ
Ó,Ó‘
Ó’,Ó“
Ó”,AEaeÓ•
Ó–,Ó—
Ó˜,agÓ™
Óš,Ó›
Óœ,Ó
Óž,ÓŸ
Ó ,3EeÓ Ó¡
Ó¢,Ó£
Ó¤,Ó¥
Ó¦,Ó§
Ó¨,OeoÓ©
Óª,Ó«
Ó¬,Ó­
Ó®,Ó¯
Ó°,Ó±
Ó²,Ó³
Ó´,Óµ
Ó¶,rÓ·
Ó¸,Ó¹
Óº,FfrÓ»
Ó¼,XxÓ½
Ó¾,xÓ¿
Ô€,dpÔ
Ô,dÔ
Ô‚,dÔƒ
Ô„,RrÔ…
Ô†,RrÔ‡
Ôˆ,nÔ‰
ÔŠ,HhÔ‹
ÔŒ,GgÔŒÔ
ÔŽ,JTjtÔ
Ô,EeÔ‘
Ô’,nÔ“
Ô”,JXjxÔ•
Ô–,PRprÔ—
Ô˜,EeÔ™
Ôš,OQoqÔ›
Ô›,qÔ›
Ôœ,WwÔœÔ
Ô,wÔ
Ôž,KkÔŸ
Ô ,nÔ¡
Ô¢,HhÔ£
Ô¤,nÔ¥
Ô¦,hÔ§
Ô¨,HhÔ©
Ôª,Ô«
Ô¬,AaÔ­
Ô®,nÔ¯
Ô±,Õ¡
Ô²,Õ¢
Ô³,Õ£
Ô´,Õ¤
Ôµ,Õ¥
Ô¶,Õ¦
Ô·,Õ§
Ô¸,Õ¨
Ô¹,Õ©
Ôº,Õª
Ô»,Õ«
Ô¼,Õ¬
Ô½,Õ­
Ô¾,Õ®
Ô¿,Õ¯
Õ€,Õ°
Õ,Õ±
Õ‚,Õ²
Õƒ,Õ³
Õ„,Õ´
Õ…,Õµ
Õ†,Õ¶
Õ‡,Õ·
Õˆ,uÕ¸
Õ‰,Õ¹
ÕŠ,Õº
Õ‹,Õ»
ÕŒ,Õ¼
Õ,uÕÕ½
ÕŽ,Õ¾
Õ,sÕÕ¿
Õ,Ö€
Õ‘,Ö
Õ’,Ö‚
Õ“,Öƒ
Õ”,Ö„
Õ•,oÕ•Ö…
Õ–,Ö†
Õ¡,wÕ¡
Õ£,qÕ£
Õ¦,qÕ¦
Õ°,hÕ°
Õ¸,nÕ¸
Õ¼,nÕ¼
Õ½,uÕ½
Ö,gÖ
Ö„,fpÖ„
Ö…,oÖ…
×€,l×€
×•,l×•
×˜,v×˜
×Ÿ,l×Ÿ
×¡,o×¡
Ø§,ilØ§
Ù‡,oÙ‡
Ù¡,lÙ¡
Ù¥,oÙ¥
Ù§,vÙ§
Ú¾,oÚ¾
Û,oÛ
Û•,oÛ•
Û±,lÛ±
Ûµ,oÛµ
Û·,vÛ·
Û¹,q
ß€,oß€
ßŠ,lßŠ
à¥¤,il
à¥¥,il
à¥¦,oà¥¦
à§¦,oà§¦
à§ª,8bà§ª
à§­,9gà§­
à©¦,oà©¦
à©§,9gà©§
à©ª,8à©ª
à«¦,oà«¦
à¬ƒ,8à¬ƒ
à¬ ,oà¬ 
à­¦,oà­¦
à­¨,9gà­¨
à¯¦,oà¯¦
à°‚,oà°‚
à±¦,oà±¦
à²‚,oà²‚
à³¦,oà³¦
à´‚,oà´‚
à´ ,oà´ 
àµ¦,oàµ¦
àµ­,9àµ­
à¶‚,oà¶‚
à¹,oà¹
à»,oà»
á€,oá€
á€,oá€
á‚ ,â´€
á‚¡,â´
á‚¢,â´‚
á‚£,â´ƒ
á‚¤,â´„
á‚¥,â´…
á‚¦,â´†
á‚§,dâ´‡
á‚¨,â´ˆ
á‚©,â´‰
á‚ª,â´Š
á‚«,â´‹
á‚¬,â´Œ
á‚­,â´
á‚®,â´Ž
á‚¯,â´
á‚°,â´
á‚±,jâ´‘
á‚²,â´’
á‚³,â´“
á‚´,â´”
á‚µ,â´•
á‚¶,â´–
á‚·,â´—
á‚¸,â´˜
á‚¹,â´™
á‚º,â´š
á‚»,â´›
á‚¼,â´œ
á‚½,â´
á‚¾,â´ž
á‚¿,â´Ÿ
áƒ€,â´ 
áƒ,â´¡
áƒ‚,â´¢
áƒƒ,â´£
áƒ„,â´¤
áƒ…,â´¥
áƒ‡,â´§
áƒ,â´­
áƒ§,yáƒ§
áƒ¿,oáƒ¿
áˆ€,uváˆ€
áˆ,u
áˆƒ,y
áˆ,a
áˆ ,w
áˆ¨,l
áˆ­,c
áˆ¸,x
á‰»,f
á‰¿,e
áŠ,s
áŠ—,g
áŠ­,n
á‹,oá‹
á‹’,q
á‹•,d
á‹˜,h
á‹¨,p
á‹ª,r
áŒŠ,z
áŒ‹,j
áŒŒ,b
áŒŽ,i
áŒ•,k
áŒ ,m
á•,t
áŽ ,dáŽ ê­°
áŽ¡,ráŽ¡ê­±
áŽ¢,táŽ¢ê­²
áŽ£,ê­³
áŽ¤,ê­´
áŽ¥,iáŽ¥ê­µ
áŽ¦,ê­¶
áŽ§,ê­·
áŽ¨,ê­¸
áŽ©,yáŽ©ê­¹
áŽª,aáŽªê­º
áŽ«,jáŽ«ê­»
áŽ¬,eáŽ¬ê­¼
áŽ­,ê­½
áŽ®,ê­¾
áŽ¯,ê­¿
áŽ°,ê®€
áŽ±,ê®
áŽ²,ê®‚
áŽ³,wáŽ³ê®ƒ
áŽ´,ê®„
áŽµ,ê®…
áŽ¶,ê®†
áŽ·,máŽ·ê®‡
áŽ¸,ê®ˆ
áŽ¹,ê®‰
áŽº,ê®Š
áŽ»,háŽ»ê®‹
áŽ¼,ê®Œ
áŽ½,yáŽ½ê®
áŽ¾,ê®Ž
áŽ¿,ê®
á€,gá€ê®
á,ê®‘
á‚,há‚ê®’
áƒ,záƒê®“
á„,ê®”
á…,ê®•
á†,ê®–
á‡,ê®—
áˆ,ê®˜
á‰,ê®™
áŠ,ê®š
á‹,ê®›
áŒ,ê®œ
á,ê®
áŽ,4áŽê®ž
á,báê®Ÿ
á,ê® 
á‘,ê®¡
á’,rá’ê®¢
á“,ê®£
á”,wá”ê®¤
á•,sá•ê®¥
á–,ê®¦
á—,ê®§
á˜,ê®¨
á™,vá™ê®©
áš,sášê®ª
á›,ê®«
áœ,ê®¬
á,ê®­
áž,lážê®®
áŸ,cáŸê®¯
á ,ê®°
á¡,ê®±
á¢,pá¢ê®²
á£,ê®³
á¤,ê®´
á¥,ê®µ
á¦,ká¦ê®¶
á§,dá§ê®·
á¨,ê®¸
á©,ê®¹
áª,ê®º
á«,ê®»
á¬,ê®¼
á­,ê®½
á®,6á®ê®¾
á¯,ê®¿
á°,á¸
á±,á¹
á²,áº
á³,gá³á»
á´,bá´á¼
áµ,á½
á¯,vá¯
á‘Œ,uá‘Œ
á‘•,Cc
á‘–,Cc
á‘¡,Cc
á‘¢,Cc
á‘£,Cc
á‘¤,Cc
á‘¥,Cc
á‘¦,c
á‘§,Uu
á‘¨,Nn
á‘ª,Cc
á‘«,q
á‘¬,p
á‘­,pá‘­
á‘®,p
á‘¯,dá‘¯
á‘°,d
á‘±,d
á‘²,bá‘²
á‘³,b
á‘´,q
á‘µ,q
á‘¶,p
á‘·,p
á‘¸,p
á‘¹,p
á‘º,d
á‘»,d
á‘¼,d
á‘½,d
á‘¾,b
á‘¿,b
á’€,b
á’,b
á’‚,b
á’,já’
á’Ž,Jj
á’,Jj
á’‘,Jj
á’¥,r
á’¦,r
á’ª,Llá’ª
á’«,Ll
á’¿,2á’¿
á”†,s
á•,xá•
á•¼,há•¼
á•½,xá•½
á–‡,rá–‡
á–ˆ,r
á–¯,bá–¯
á–´,fá–´
á—„,AVav
á—…,Aaá—…
á—‰,c
á—‹,Aa
á—•,c
á—ž,dá—ž
á—¡,d
á—ª,Ddá—ª
á—«,Dd
á—¯,Ww
á—°,Mmá—°
á—±,Ee
á—²,Ee
á—³,Ee
á—´,Ee
á—·,bá—·
á—¾,BEbe
á—¿,BEbe
á˜€,BEbe
á˜»,m
á™…,Cc
á™†,z
á™Ž,Ww
á™,Mm
á™”,Ww
á™•,Mm
á™–,Bb
á™—,Bb
á™˜,Bb
á™™,Bb
á™›,Ww
á™œ,Mm
á™§,Ww
á™¨,Mm
á™©,Bb
á™ª,Bb
á™«,Bb
á™¬,Bb
á™­,Xxá™­
á™®,xá™®
áš·,xáš·
á›,lá›
á›•,ká›•
á›–,má›–
á ,o
á²,áƒ
á²‘,áƒ‘
á²’,áƒ’
á²“,áƒ“
á²”,áƒ”
á²•,áƒ•
á²–,áƒ–
á²—,áƒ—
á²˜,áƒ˜
á²™,áƒ™
á²š,áƒš
á²›,áƒ›
á²œ,áƒœ
á²,áƒ
á²ž,áƒž
á²Ÿ,áƒŸ
á² ,áƒ 
á²¡,áƒ¡
á²¢,áƒ¢
á²£,áƒ£
á²¤,áƒ¤
á²¥,áƒ¥
á²¦,áƒ¦
á²§,áƒ§
á²¨,áƒ¨
á²©,áƒ©
á²ª,áƒª
á²«,áƒ«
á²¬,áƒ¬
á²­,áƒ­
á²®,áƒ®
á²¯,áƒ¯
á²°,áƒ°
á²±,áƒ±
á²²,áƒ²
á²³,áƒ³
á²´,áƒ´
á²µ,áƒµ
á²¶,áƒ¶
á²·,áƒ·
á²¸,áƒ¸
á²¹,áƒ¹
á²º,áƒº
á²½,áƒ½
á²¾,áƒ¾
á²¿,áƒ¿
á´€,a
á´‚,ae
á´ƒ,b
á´„,cá´„
á´…,d
á´‡,e
á´‰,i
á´Š,j
á´‹,k
á´Œ,l
á´,m
á´Ž,n
á´,oá´
á´,o
á´‘,oá´‘
á´’,o
á´“,o
á´˜,p
á´™,r
á´›,t
á´œ,uá´œ
á´ ,vá´ 
á´¡,wá´¡
á´¢,zá´¢
á´¦,rá´¦
á´¬,a
á´®,b
á´°,d
á´±,e
á´³,g
á´´,h
á´µ,i
á´¶,j
á´·,k
á´¸,l
á´¹,m
á´º,n
á´¼,o
á´¾,p
á´¿,r
áµ€,t
áµ,u
áµ‚,w
áµƒ,a
áµ‡,b
áµˆ,d
áµ‰,e
áµ,g
áµ,k
áµ,m
áµ’,o
áµ–,p
áµ—,t
áµ˜,u
áµ›,v
áµ,Bb
áµ¢,i
áµ£,r
áµ¤,u
áµ¥,v
áµ¦,b
áµ§,y
áµ¬,b
áµ­,d
áµ®,f
áµ¯,m
áµ°,n
áµ±,p
áµ²,f
áµ³,f
áµ´,s
áµµ,t
áµ¶,z
áµ·,g
á¶ƒ,gá¶ƒ
á¶Œ,yá¶Œ
á¶œ,c
á¶ ,f
á¶»,z
á¸€,á¸
á¸‚,á¸ƒ
á¸„,á¸…
á¸†,á¸‡
á¸ˆ,á¸‰
á¸Š,á¸‹
á¸Œ,á¸
á¸Ž,á¸
á¸,á¸‘
á¸’,á¸“
á¸”,á¸•
á¸–,á¸—
á¸˜,á¸™
á¸š,á¸›
á¸œ,á¸
á¸ž,á¸Ÿ
á¸ ,á¸¡
á¸¢,á¸£
á¸¤,á¸¥
á¸¦,á¸§
á¸¨,á¸©
á¸ª,á¸«
á¸¬,á¸­
á¸®,á¸¯
á¸°,á¸±
á¸²,á¸³
á¸´,á¸µ
á¸¶,á¸·
á¸¸,á¸¹
á¸º,á¸»
á¸¼,á¸½
á¸¾,á¸¿
á¹€,á¹
á¹‚,á¹ƒ
á¹„,á¹…
á¹†,á¹‡
á¹ˆ,á¹‰
á¹Š,á¹‹
á¹Œ,á¹
á¹Ž,á¹
á¹,á¹‘
á¹’,á¹“
á¹”,á¹•
á¹–,á¹—
á¹˜,á¹™
á¹š,á¹›
á¹œ,á¹
á¹ž,á¹Ÿ
á¹ ,á¹¡
á¹¢,á¹£
á¹¤,á¹¥
á¹¦,á¹§
á¹¨,á¹©
á¹ª,á¹«
á¹¬,á¹­
á¹®,á¹¯
á¹°,á¹±
á¹²,á¹³
á¹´,á¹µ
á¹¶,á¹·
á¹¸,á¹¹
á¹º,á¹»
á¹¼,á¹½
á¹¾,á¹¿
áº€,áº
áº‚,áºƒ
áº„,áº…
áº†,áº‡
áºˆ,áº‰
áºŠ,áº‹
áºŒ,áº
áºŽ,áº
áº,áº‘
áº’,áº“
áº”,áº•
áº,fáº
áºž,ÃŸ
áº ,áº¡
áº¢,áº£
áº¤,áº¥
áº¦,áº§
áº¨,áº©
áºª,áº«
áº¬,áº­
áº®,áº¯
áº°,áº±
áº²,áº³
áº´,áºµ
áº¶,áº·
áº¸,áº¹
áºº,áº»
áº¼,áº½
áº¾,áº¿
á»€,á»
á»‚,á»ƒ
á»„,á»…
á»†,á»‡
á»ˆ,á»‰
á»Š,á»‹
á»Œ,á»
á»Ž,á»
á»,á»‘
á»’,á»“
á»”,á»•
á»–,á»—
á»˜,á»™
á»š,á»›
á»œ,á»
á»ž,á»Ÿ
á» ,á»¡
á»¢,á»£
á»¤,á»¥
á»¦,á»§
á»¨,á»©
á»ª,á»«
á»¬,á»­
á»®,á»¯
á»°,á»±
á»²,á»³
á»´,á»µ
á»¶,á»·
á»¸,á»¹
á»º,á»»
á»¼,á»½
á»¾,á»¿
á»¿,yá»¿
á¼ˆ,á¼€
á¼‰,á¼
á¼Š,á¼‚
á¼‹,á¼ƒ
á¼Œ,á¼„
á¼,á¼…
á¼Ž,á¼†
á¼,á¼‡
á¼˜,á¼
á¼™,á¼‘
á¼š,á¼’
á¼›,á¼“
á¼œ,á¼”
á¼,á¼•
á¼¨,á¼ 
á¼©,á¼¡
á¼ª,á¼¢
á¼«,á¼£
á¼¬,á¼¤
á¼­,á¼¥
á¼®,á¼¦
á¼¯,á¼§
á¼¸,á¼°
á¼¹,á¼±
á¼º,á¼²
á¼»,á¼³
á¼¼,á¼´
á¼½,á¼µ
á¼¾,á¼¶
á¼¿,á¼·
á½ˆ,á½€
á½‰,á½
á½Š,á½‚
á½‹,á½ƒ
á½Œ,á½„
á½,á½…
á½™,á½‘
á½›,á½“
á½,á½•
á½Ÿ,á½—
á½¨,á½ 
á½©,á½¡
á½ª,á½¢
á½«,á½£
á½¬,á½¤
á½­,á½¥
á½®,á½¦
á½¯,á½§
á¾ˆ,á¾€
á¾‰,á¾
á¾Š,á¾‚
á¾‹,á¾ƒ
á¾Œ,á¾„
á¾,á¾…
á¾Ž,á¾†
á¾,á¾‡
á¾˜,á¾
á¾™,á¾‘
á¾š,á¾’
á¾›,á¾“
á¾œ,á¾”
á¾,á¾•
á¾ž,á¾–
á¾Ÿ,á¾—
á¾¨,á¾ 
á¾©,á¾¡
á¾ª,á¾¢
á¾«,á¾£
á¾¬,á¾¤
á¾­,á¾¥
á¾®,á¾¦
á¾¯,á¾§
á¾¸,á¾°
á¾¹,á¾±
á¾º,á½°
á¾»,á½±
á¾¼,á¾³
á¾¾,iá¾¾
á¿ˆ,á½²
á¿‰,á½³
á¿Š,á½´
á¿‹,á½µ
á¿Œ,á¿ƒ
á¿˜,á¿
á¿™,á¿‘
á¿š,á½¶
á¿›,á½·
á¿¨,á¿ 
á¿©,á¿¡
á¿ª,á½º
á¿«,á½»
á¿¬,á¿¥
á¿¸,á½¸
á¿¹,á½¹
á¿º,á½¼
á¿»,á½½
á¿¼,á¿³
â€–,il
â±,i
â¿,n
â‚‚,z
â‚‰,g
â‚,a
â‚‘,e
â‚’,o
â‚“,x
â‚•,h
â‚–,k
â‚—,l
â‚˜,m
â‚™,n
â‚š,p
â‚›,s
â‚œ,t
â„‚,câ„‚
â„ƒ,c
â„„,c
â„‡,e
â„‰,f
â„Š,gâ„Š
â„‹,hâ„‹
â„Œ,hâ„Œ
â„,hâ„
â„Ž,hâ„Ž
â„,h
â„,jlâ„
â„‘,ijlâ„‘
â„’,lâ„’
â„“,lâ„“
â„”,b
â„•,nâ„•
â„–,n
â„—,p
â„˜,p
â„™,pâ„™
â„š,qâ„š
â„›,râ„›
â„œ,râ„œ
â„,râ„
â„Ÿ,r
â„£,v
â„¤,zâ„¤
â„¦,Ï‰
â„§,o
â„¨,zâ„¨
â„©,i
â„ª,kâ„ª
â„«,Ã¥
â„¬,bâ„¬
â„­,câ„­
â„®,eâ„®
â„¯,eâ„¯
â„°,eâ„°
â„±,fâ„±
â„²,fâ…Ž
â„³,mâ„³
â„´,oâ„´
â„µ,n
â„¹,iâ„¹
â„º,o
â„¼,n
â„½,vyâ„½
â„¿,n
â…€,e
â…,g
â…‚,l
â…ƒ,l
â…„,ly
â……,dâ……
â…†,dâ…†
â…‡,eâ…‡
â…ˆ,iâ…ˆ
â…‰,ijâ…‰
â… ,lâ… â…°
â…¡,â…±
â…¢,â…²
â…£,â…³
â…¤,vâ…¤â…´
â…¥,â…µ
â…¦,â…¶
â…§,â…·
â…¨,â…¸
â…©,xâ…©â…¹
â…ª,â…º
â…«,â…»
â…¬,lâ…¬â…¼
â…­,câ…­â…½
â…®,dâ…®â…¾
â…¯,mâ…¯â…¿
â…°,iâ…°
â…´,vâ…´
â…¹,xâ…¹
â…¼,lâ…¼
â…½,câ…½
â…¾,dâ…¾
â†ƒ,â†„
âˆ€,a
âˆƒ,ab
âˆ†,a
âˆˆ,e
âˆš,v
âˆ£,ilâˆ£
âˆ¥,il
âˆ¨,vâˆ¨
âˆ©,n
âˆª,uâˆª
âˆ«,l
âŠ‚,c
âŠ†,c
âŠ•,o
âŠ–,o
âŠ—,o
âŠ¤,tâŠ¤
âŠ¥,t
â‹,vâ‹
â‹ƒ,uâ‹ƒ
â‹¿,eâ‹¿
â³,iâ³
â´,pâ´
âº,aâº
â½,lâ½
â’œ,a
â’,b
â’ž,c
â’Ÿ,d
â’ ,e
â’¡,f
â’¢,g
â’£,h
â’¤,i
â’¥,j
â’¦,k
â’§,l
â’¨,m
â’©,n
â’ª,o
â’«,p
â’¬,q
â’­,r
â’®,s
â’¯,t
â’°,u
â’±,v
â’²,w
â’³,x
â’´,y
â’µ,z
â’¶,aâ“
â’·,bâ“‘
â’¸,câ“’
â’¹,dâ““
â’º,eâ“”
â’»,fâ“•
â’¼,gâ“–
â’½,hâ“—
â’¾,iâ“˜
â’¿,jâ“™
â“€,kâ“š
â“,lâ“›
â“‚,mâ“œ
â“ƒ,nâ“
â“„,oâ“ž
â“…,pâ“Ÿ
â“†,qâ“ 
â“‡,râ“¡
â“ˆ,sâ“¢
â“‰,tâ“£
â“Š,uâ“¤
â“‹,vâ“¥
â“Œ,wâ“¦
â“,xâ“§
â“Ž,yâ“¨
â“,zâ“©
â“,a
â“‘,b
â“’,c
â““,d
â“”,e
â“•,f
â“–,g
â“—,h
â“˜,i
â“™,j
â“š,k
â“›,l
â“œ,m
â“,n
â“ž,o
â“Ÿ,p
â“ ,q
â“¡,r
â“¢,s
â“£,t
â“¤,u
â“¥,v
â“¦,w
â“§,x
â“¨,y
â“©,z
â”‚,il
â•³,xâ•³
â—,il
âŸ™,tâŸ™
â¤«,xâ¤«
â¤¬,xâ¤¬
â¨¯,xâ¨¯
â°€,â°°
â°,â°±
â°‚,â°²
â°ƒ,â°³
â°„,â°´
â°…,â°µ
â°†,â°¶
â°‡,â°·
â°ˆ,â°¸
â°‰,â°¹
â°Š,â°º
â°‹,â°»
â°Œ,â°¼
â°,â°½
â°Ž,â°¾
â°,â°¿
â°,â±€
â°‘,â±
â°’,â±‚
â°“,â±ƒ
â°”,â±„
â°•,â±…
â°–,â±†
â°—,â±‡
â°˜,â±ˆ
â°™,â±‰
â°š,â±Š
â°›,â±‹
â°œ,â±Œ
â°,â±
â°ž,â±Ž
â°Ÿ,â±
â° ,â±
â°¡,â±‘
â°¢,â±’
â°£,â±“
â°¤,â±”
â°¥,â±•
â°¦,â±–
â°§,â±—
â°¨,â±˜
â°©,â±™
â°ª,â±š
â°«,â±›
â°¬,â±œ
â°­,â±
â°®,â±ž
â°¯,â±Ÿ
â± ,Lilâ±¡
â±¡,Iil
â±¢,LlÉ«
â±£,Ppáµ½
â±¤,RrÉ½
â±¥,a
â±¦,i
â±§,Hhâ±¨
â±¨,h
â±©,Kkâ±ª
â±ª,k
â±«,Zzâ±¬
â±¬,z
â±­,AOaoÉ‘
â±®,MmÉ±
â±¯,AVavÉ
â±°,DdÉ’
â±±,v
â±²,Wwâ±³
â±³,w
â±´,v
â±µ,Iitâ±¶
â±¶,it
â±·,w
â±¸,e
â±¹,Lil
â±º,o
â±»,Ee
â±¼,j
â±½,v
â±¾,SsÈ¿
â±¿,ZzÉ€
â²€,Aaâ²
â²‚,Bbâ²ƒ
â²„,Rrâ²…
â²…,râ²…
â²†,â²‡
â²ˆ,Eeâ²‰
â²Š,câ²‹
â²Œ,Zzâ²
â²Ž,Hhâ²Žâ²
â²,Ooâ²‘
â²’,ilâ²’â²“
â²”,Kkâ²”â²•
â²–,â²—
â²˜,Mmâ²˜â²™
â²š,Nnâ²šâ²›
â²œ,â²
â²ž,Ooâ²žâ²Ÿ
â²Ÿ,oâ²Ÿ
â² ,â²¡
â²¢,pâ²¢â²£
â²£,pâ²£
â²¤,câ²¤â²¥
â²¥,câ²¥
â²¦,tâ²¦â²§
â²¨,yâ²¨â²©
â²ª,â²«
â²¬,xâ²¬â²­
â²®,â²¯
â²°,â²±
â²²,â²³
â²´,â²µ
â²¶,â²·
â²¸,â²¹
â²º,â²»
â²¼,â²½
â²¾,â²¿
â³€,â³
â³‚,â³ƒ
â³„,â³…
â³†,â³‡
â³ˆ,â³‰
â³Š,9â³Šâ³‹
â³Œ,3â³Œâ³
â³Ž,â³
â³,lâ³â³‘
â³’,6â³’â³“
â³”,â³•
â³–,â³—
â³˜,â³™
â³š,â³›
â³œ,â³
â³ž,â³Ÿ
â³ ,â³¡
â³¢,â³£
â³«,â³¬
â³­,â³®
â³²,â³³
â´¸,vâ´¸
â´¹,eâ´¹
âµ,lâµ
âµ”,oâµ”
âµ•,qâµ•
âµ,xâµ
â¸,f
ã€‡,oã€‡
ã‚“,h
ã‚º,k
ä¸‚,s
ä¹ƒ,b
ä¹‡,e
ä¹™,z
åˆ€,n
å°º,r
ê“,bê“
ê“‘,pê“‘
ê“’,dê“’
ê““,dê““
ê“”,tê“”
ê“–,gê“–
ê“—,kê“—
ê“™,jê“™
ê“š,cê“š
ê“œ,zê“œ
ê“,fê“
ê“Ÿ,mê“Ÿ
ê“ ,nê“ 
ê“¡,lê“¡
ê“¢,sê“¢
ê“£,rê“£
ê“¦,vê“¦
ê“§,hê“§
ê“ª,wê“ª
ê“«,xê“«
ê“¬,yê“¬
ê“®,aê“®
ê“°,eê“°
ê“²,lê“²
ê“³,oê“³
ê“´,uê“´
ê™€,Zzê™
ê™‚,Zzê™ƒ
ê™„,2Ssê™„ê™…
ê™†,Jijê™‡
ê™‡,iê™‡
ê™ˆ,nê™‰
ê™Š,yê™‹
ê™Œ,ouwê™
ê™Ž,bê™
ê™,blê™‘
ê™’,blê™“
ê™”,IOioê™•
ê™–,AIaiê™—
ê™˜,Aaê™™
ê™š,nê™›
ê™œ,Iailê™
ê™ž,Ttê™Ÿ
ê™ ,Uuê™¡
ê™¢,ouê™£
ê™¤,JTjtê™¥
ê™¦,Mmê™§
ê™¨,Ooê™©
ê™ª,Ooê™«
ê™¬,Ooê™­
êš€,oêš
êš‚,Ssêšƒ
êš„,Kkêš…
êš†,muwêš‡
êšˆ,nêš‰
êšŠ,Tbtêš‹
êšŒ,Ttêš
êšŽ,Uuêš
êš,Ttêš‘
êš’,huêš“
êš”,hêš•
êš–,Wwêš—
êš˜,Ooêš™
êšš,Ooêš›
ê›Ÿ,vê›Ÿ
ê›¯,2ê›¯
êœ€,c
êœ¢,Eeêœ£
êœ£,Ee
êœ¤,rêœ¥
êœ¥,r
êœ¦,Hhêœ§
êœ§,h
êœ¨,Ttzêœ©
êœ©,tz
êœª,Eeêœ«
êœ«,Ee
êœ¬,aêœ­
êœ­,a
êœ®,aêœ¯
êœ¯,a
êœ°,Ff
êœ±,sêœ±
êœ²,AMamêœ³
êœ³,an
êœ´,AOaoêœµ
êœµ,ao
êœ¶,AJajêœ·
êœ·,au
êœ¸,Nnêœ¹
êœ¹,a
êœº,Nnêœ»
êœ»,a
êœ¼,Aaêœ½
êœ½,a
êœ¾,Ccêœ¿
êœ¿,c
ê€,Kkê
ê,k
ê‚,Kkêƒ
êƒ,k
ê„,Kkê…
ê…,k
ê†,Lilê‡
ê‡,il
êˆ,Lilê‰
ê‰,il
êŠ,Ooê‹
ê‹,o
êŒ,Ooê
ê,o
êŽ,Ooê
ê,o
ê,Ppê‘
ê‘,p
ê’,Ppê“
ê“,p
ê”,ê•
ê–,Qqê—
ê—,q
ê˜,ê™
êš,2iêšê›
ê›,i
êœ,ê
êž,êŸ
ê ,ê¡
ê¢,ê£
ê¤,Ddpê¥
ê¥,p
ê¦,bê§
ê§,b
ê¨,Ppê©
ê©,p
êª,3êªê«
ê¬,ê­
ê®,9goê®ê¯
ê¯,go
ê°,o
ê¹,Ooqêº
êº,o
ê»,ilrê¼
ê¼,ilr
ê½,oáµ¹
ê¾,oqê¿
ê¿,q
êž€,ilrêž
êž,il
êž‚,nrêžƒ
êžƒ,nr
êž„,ilrêž…
êž…,ilr
êž†,Ccêž‡
êž‡,c
êž‰,i
êž‹,iêžŒ
êžŒ,i
êž,huÉ¥
êžŽ,l
êž,Nnêž‘
êž‘,n
êž’,êž“
êž–,êž—
êž˜,fêž˜êž™
êž™,fêž™
êžš,êž›
êžœ,êž
êžž,êžŸ
êžŸ,uêžŸ
êž ,Ggêž¡
êž¡,g
êž¢,Kkêž£
êž£,k
êž¤,Nnêž¥
êž¥,Rr
êž¦,Rrêž§
êž§,Ff
êž¨,Ssêž©
êž©,s
êžª,HhÉ¦
êž«,3Éœêž«
êž¬,É¡
êž­,É¬
êž®,Éª
êž°,Êž
êž±,Ê‡
êž²,jÊêž²
êž³,xêž³ê­“
êž´,bêž´êžµ
êž¶,êž·
êž¸,êž¹
êžº,êž»
êž¼,êž½
êž¾,êž¿
êŸ€,êŸ
êŸ‚,êŸƒ
êŸ„,êž”
êŸ…,Ê‚
êŸ†,á¶Ž
êŸ‡,êŸˆ
êŸ‰,êŸŠ
êŸ,êŸ‘
êŸ–,êŸ—
êŸ˜,êŸ™
êŸµ,êŸ¶
êŸ¸,t
êŸ¹,eo
êŸº,mw
êŸ»,Ff
êŸ¼,Ppq
êŸ½,MWmw
êŸ¾,Iil
êŸ¿,MWmw
ê¬²,eê¬²
ê¬µ,fê¬µ
ê¬½,oê¬½
ê­‡,rê­‡
ê­ˆ,rê­ˆ
ê­Ž,uê­Ž
ê­’,uê­’
ê­š,yê­š
ê­µ,iê­µ
ê®,rê®
ê®ƒ,wê®ƒ
ê®“,zê®“
ê®©,vê®©
ê®ª,sê®ª
ê®¯,cê®¯
ìœ ,i
ï®¦,oï®¦
ï®§,oï®§
ï®¨,oï®¨
ï®©,oï®©
ï®ª,oï®ª
ï®«,oï®«
ï®¬,oï®¬
ï®­,oï®­
ïº,lïº
ïºŽ,lïºŽ
ï»©,oï»©
ï»ª,oï»ª
ï»«,oï»«
ï»¬,oï»¬
ï»¼,k
ï¼¡,aï¼¡ï½
ï¼¢,bï¼¢ï½‚
ï¼£,cï¼£ï½ƒ
ï¼¤,dï½„
ï¼¥,eï¼¥ï½…
ï¼¦,fï½†
ï¼§,gï½‡
ï¼¨,hï¼¨ï½ˆ
ï¼©,ilï¼©ï½‰
ï¼ª,jï¼ªï½Š
ï¼«,kï¼«ï½‹
ï¼¬,lï½Œ
ï¼­,mï¼­ï½
ï¼®,nï¼®ï½Ž
ï¼¯,oï¼¯ï½
ï¼°,pï¼°ï½
ï¼±,qï½‘
ï¼²,rï½’
ï¼³,sï¼³ï½“
ï¼´,tï¼´ï½”
ï¼µ,uï½•
ï¼¶,vï½–
ï¼·,wï½—
ï¼¸,xï¼¸ï½˜
ï¼¹,yï¼¹ï½™
ï¼º,zï¼ºï½š
ï½,aï½
ï½‚,b
ï½ƒ,cï½ƒ
ï½„,d
ï½…,eï½…
ï½†,f
ï½‡,gï½‡
ï½ˆ,hï½ˆ
ï½‰,iï½‰
ï½Š,jï½Š
ï½‹,k
ï½Œ,lï½Œ
ï½,m
ï½Ž,n
ï½,oï½
ï½,pï½
ï½‘,q
ï½’,r
ï½“,sï½“
ï½”,t
ï½•,u
ï½–,vï½–
ï½—,w
ï½˜,xï½˜
ï½™,yï½™
ï½š,z
ï½œ,il
ï½±,p
ï½²,t
ï½·,f
ï¾‰,i
ï¾Œ,j
ï¾‘,a
ï¾’,x
ï¾˜,y
ï¾š,l
ï¾¶,m
ï¿¨,lï¿¨
ðŠ‚,bðŠ‚
ðŠ†,eðŠ†
ðŠ‡,fðŠ‡
ðŠŠ,lðŠŠ
ðŠ,xðŠ
ðŠ’,oðŠ’
ðŠ•,pðŠ•
ðŠ–,sðŠ–
ðŠ—,tðŠ—
ðŠ ,aðŠ 
ðŠ¡,bðŠ¡
ðŠ¢,cðŠ¢
ðŠ¥,fðŠ¥
ðŠ«,oðŠ«
ðŠ°,mðŠ°
ðŠ±,tðŠ±
ðŠ²,yðŠ²
ðŠ´,xðŠ´
ð‹,hð‹
ð‹µ,zð‹µ
ðŒ,bðŒ
ðŒ‚,cðŒ‚
ðŒ‰,lðŒ‰
ðŒ‘,mðŒ‘
ðŒ•,tðŒ•
ðŒ—,xðŒ—
ðŒš,8ðŒš
ðŒ ,lðŒ 
ðŒ¢,xðŒ¢
ð€,ð¨
ð,ð©
ð‚,ðª
ðƒ,ð«
ð„,oð„ð¬
ð…,ð­
ð†,ð®
ð‡,ð¯
ðˆ,ð°
ð‰,ð±
ðŠ,ð²
ð‹,ð³
ðŒ,ð´
ð,ðµ
ðŽ,ð¶
ð,ð·
ð,ð¸
ð‘,ð¹
ð’,bðº
ð“,ð»
ð”,ð¼
ð•,cð•ð½
ð–,ð¾
ð—,ð¿
ð˜,ð‘€
ð™,ð‘
ðš,ð‘‚
ð›,lð›ð‘ƒ
ðœ,ð‘„
ð,ð‘…
ðž,ð‘†
ðŸ,ð‘‡
ð ,sð ð‘ˆ
ð¡,ð‘‰
ð¢,ð‘Š
ð£,ð‘‹
ð¤,ð‘Œ
ð¥,ð‘
ð¦,ð‘Ž
ð§,ð‘
ð¬,oð¬
ð½,cð½
ð‘ˆ,sð‘ˆ
ð’°,ð“˜
ð’±,ð“™
ð’²,ð“š
ð’³,ð“›
ð’´,rð’´ð“œ
ð’µ,ð“
ð’¶,ð“ž
ð’·,ð“Ÿ
ð’¸,ð“ 
ð’¹,ð“¡
ð’º,ð“¢
ð’»,ð“£
ð’¼,ð“¤
ð’½,ð“¥
ð’¾,ð“¦
ð’¿,ð“§
ð“€,ð“¨
ð“,ð“©
ð“‚,oð“‚ð“ª
ð“ƒ,ð“«
ð“„,ð“¬
ð“…,ð“­
ð“†,ð“®
ð“‡,ð“¯
ð“ˆ,ð“°
ð“‰,ð“±
ð“Š,ð“²
ð“‹,ð“³
ð“Œ,ð“´
ð“,ð“µ
ð“Ž,uð“Žð“¶
ð“,ð“·
ð“,ð“¸
ð“‘,ð“¹
ð“’,7ð“’ð“º
ð““,ð“»
ð“ª,oð“ª
ð“¶,uð“¶
ð”“,nð”“
ð”–,oð”–
ð”˜,kð”˜
ð”œ,cð”œ
ð”,vð”
ð”¥,fð”¥
ð”¦,lð”¦
ð”§,xð”§
ð•°,ð–—
ð•±,ð–˜
ð•²,ð–™
ð•³,ð–š
ð•´,ð–›
ð•µ,ð–œ
ð•¶,ð–
ð•·,ð–ž
ð•¸,ð–Ÿ
ð•¹,ð– 
ð•º,ð–¡
ð•¼,ð–£
ð•½,ð–¤
ð•¾,ð–¥
ð•¿,ð–¦
ð–€,ð–§
ð–,ð–¨
ð–‚,ð–©
ð–ƒ,ð–ª
ð–„,ð–«
ð–…,ð–¬
ð–†,ð–­
ð–‡,ð–®
ð–ˆ,ð–¯
ð–‰,ð–°
ð–Š,ð–±
ð–Œ,ð–³
ð–,ð–´
ð–Ž,ð–µ
ð–,ð–¶
ð–,ð–·
ð–‘,ð–¸
ð–’,ð–¹
ð–”,ð–»
ð–•,ð–¼
ð²€,ð³€
ð²,ð³
ð²‚,ð³‚
ð²ƒ,ð³ƒ
ð²„,ð³„
ð²…,ð³…
ð²†,ð³†
ð²‡,ð³‡
ð²ˆ,ð³ˆ
ð²‰,ð³‰
ð²Š,ð³Š
ð²‹,ð³‹
ð²Œ,ð³Œ
ð²,ð³
ð²Ž,ð³Ž
ð²,ð³
ð²,ð³
ð²‘,ð³‘
ð²’,ð³’
ð²“,ð³“
ð²”,ð³”
ð²•,ð³•
ð²–,ð³–
ð²—,ð³—
ð²˜,ð³˜
ð²™,ð³™
ð²š,ð³š
ð²›,ð³›
ð²œ,ð³œ
ð²,ð³
ð²ž,ð³ž
ð²Ÿ,ð³Ÿ
ð² ,ð³ 
ð²¡,ð³¡
ð²¢,ð³¢
ð²£,ð³£
ð²¤,ð³¤
ð²¥,ð³¥
ð²¦,ð³¦
ð²§,ð³§
ð²¨,ð³¨
ð²©,ð³©
ð²ª,ð³ª
ð²«,ð³«
ð²¬,ð³¬
ð²­,ð³­
ð²®,ð³®
ð²¯,ð³¯
ð²°,ð³°
ð²±,ð³±
ð²²,ð³²
ð‘“,oð‘“
ð‘œ†,vð‘œ†
ð‘œŠ,wð‘œŠ
ð‘œŽ,wð‘œŽ
ð‘œ,wð‘œ
ð‘¢ ,vð‘¢ ð‘£€
ð‘¢¡,ð‘£
ð‘¢¢,fð‘¢¢ð‘£‚
ð‘¢£,lð‘¢£ð‘£ƒ
ð‘¢¤,yð‘¢¤ð‘£„
ð‘¢¥,ð‘£…
ð‘¢¦,eð‘¢¦ð‘£†
ð‘¢§,ð‘£‡
ð‘¢¨,ð‘£ˆ
ð‘¢©,zð‘¢©ð‘£‰
ð‘¢ª,ð‘£Š
ð‘¢«,ð‘£‹
ð‘¢¬,9ð‘¢¬ð‘£Œ
ð‘¢­,ð‘£
ð‘¢®,eð‘¢®ð‘£Ž
ð‘¢¯,4ð‘¢¯ð‘£
ð‘¢°,ð‘£
ð‘¢±,ð‘£‘
ð‘¢²,lð‘¢²ð‘£’
ð‘¢³,ð‘£“
ð‘¢´,ð‘£”
ð‘¢µ,oð‘¢µð‘£•
ð‘¢¶,ð‘£–
ð‘¢·,ð‘£—
ð‘¢¸,uð‘¢¸ð‘£˜
ð‘¢¹,ð‘£™
ð‘¢º,ð‘£š
ð‘¢»,5ð‘¢»ð‘£›
ð‘¢¼,tð‘¢¼ð‘£œ
ð‘¢½,ð‘£
ð‘¢¾,ð‘£ž
ð‘¢¿,ð‘£Ÿ
ð‘£€,vð‘£€
ð‘£,sð‘£
ð‘£‚,fð‘£‚
ð‘£ƒ,ið‘£ƒ
ð‘£„,zð‘£„
ð‘£†,7ð‘£†
ð‘£ˆ,oð‘£ˆ
ð‘£Š,3ð‘£Š
ð‘£Œ,9ð‘£Œ
ð‘£•,6ð‘£•
ð‘£–,9ð‘£–
ð‘£—,oð‘£—
ð‘£˜,uð‘£˜
ð‘£œ,yð‘£œ
ð‘£ ,oð‘£ 
ð‘£¥,zð‘£¥
ð‘£¦,wð‘£¦
ð‘£©,cð‘£©
ð‘£¬,xð‘£¬
ð‘£¯,wð‘£¯
ð‘£²,cð‘£²
ð–¹€,ð–¹ 
ð–¹,ð–¹¡
ð–¹‚,ð–¹¢
ð–¹ƒ,ð–¹£
ð–¹„,ð–¹¤
ð–¹…,ð–¹¥
ð–¹†,ð–¹¦
ð–¹‡,ð–¹§
ð–¹ˆ,ð–¹¨
ð–¹‰,ð–¹©
ð–¹Š,ð–¹ª
ð–¹‹,ð–¹«
ð–¹Œ,ð–¹¬
ð–¹,ð–¹­
ð–¹Ž,ð–¹®
ð–¹,ð–¹¯
ð–¹,ð–¹°
ð–¹‘,ð–¹±
ð–¹’,ð–¹²
ð–¹“,ð–¹³
ð–¹”,ð–¹´
ð–¹•,ð–¹µ
ð–¹–,ð–¹¶
ð–¹—,ð–¹·
ð–¹˜,ð–¹¸
ð–¹™,ð–¹¹
ð–¹š,ð–¹º
ð–¹›,ð–¹»
ð–¹œ,ð–¹¼
ð–¹,ð–¹½
ð–¹ž,ð–¹¾
ð–¹Ÿ,ð–¹¿
ð–¼ˆ,vð–¼ˆ
ð–¼Š,tð–¼Š
ð–¼–,lð–¼–
ð–¼¨,lð–¼¨
ð–¼µ,rð–¼µ
ð–¼º,sð–¼º
ð–¼»,3ð–¼»
ð–½€,að–½€
ð–½‚,uð–½‚
ð–½ƒ,yð–½ƒ
ðˆ†,3ðˆ†
ðˆ,vðˆ
ðˆ’,7ðˆ’
ðˆ“,fðˆ“
ðˆ–,rðˆ–
ðˆª,lðˆª
ð€,að€
ð,bð
ð‚,cð‚
ðƒ,dðƒ
ð„,eð„
ð…,fð…
ð†,gð†
ð‡,hð‡
ðˆ,ilðˆ
ð‰,jð‰
ðŠ,kðŠ
ð‹,lð‹
ðŒ,mðŒ
ð,nð
ðŽ,oðŽ
ð,pð
ð,qð
ð‘,rð‘
ð’,sð’
ð“,tð“
ð”,uð”
ð•,vð•
ð–,wð–
ð—,xð—
ð˜,yð˜
ð™,zð™
ðš,aðš
ð›,bð›
ðœ,cðœ
ð,dð
ðž,eðž
ðŸ,fðŸ
ð ,gð 
ð¡,hð¡
ð¢,ið¢
ð£,jð£
ð¤,kð¤
ð¥,lð¥
ð¦,m
ð§,nð§
ð¨,oð¨
ð©,pð©
ðª,qðª
ð«,rð«
ð¬,sð¬
ð­,tð­
ð®,uð®
ð¯,vð¯
ð°,wð°
ð±,xð±
ð²,yð²
ð³,zð³
ð´,að´
ðµ,bðµ
ð¶,cð¶
ð·,dð·
ð¸,eð¸
ð¹,fð¹
ðº,gðº
ð»,hð»
ð¼,lð¼
ð½,jð½
ð¾,kð¾
ð¿,lð¿
ð‘€,mð‘€
ð‘,nð‘
ð‘‚,oð‘‚
ð‘ƒ,pð‘ƒ
ð‘„,qð‘„
ð‘…,rð‘…
ð‘†,sð‘†
ð‘‡,tð‘‡
ð‘ˆ,uð‘ˆ
ð‘‰,vð‘‰
ð‘Š,wð‘Š
ð‘‹,xð‘‹
ð‘Œ,yð‘Œ
ð‘,zð‘
ð‘Ž,að‘Ž
ð‘,bð‘
ð‘,cð‘
ð‘‘,dð‘‘
ð‘’,eð‘’
ð‘“,fð‘“
ð‘”,gð‘”
ð‘–,ið‘–
ð‘—,jð‘—
ð‘˜,kð‘˜
ð‘™,lð‘™
ð‘›,nð‘›
ð‘œ,oð‘œ
ð‘,pð‘
ð‘ž,qð‘ž
ð‘Ÿ,rð‘Ÿ
ð‘ ,sð‘ 
ð‘¡,tð‘¡
ð‘¢,uð‘¢
ð‘£,vð‘£
ð‘¤,wð‘¤
ð‘¥,xð‘¥
ð‘¦,yð‘¦
ð‘§,zð‘§
ð‘¨,að‘¨
ð‘©,bð‘©
ð‘ª,cð‘ª
ð‘«,dð‘«
ð‘¬,eð‘¬
ð‘­,fð‘­
ð‘®,gð‘®
ð‘¯,hð‘¯
ð‘°,ilð‘°
ð‘±,jð‘±
ð‘²,kð‘²
ð‘³,lð‘³
ð‘´,mð‘´
ð‘µ,nð‘µ
ð‘¶,oð‘¶
ð‘·,pð‘·
ð‘¸,qð‘¸
ð‘¹,rð‘¹
ð‘º,sð‘º
ð‘»,tð‘»
ð‘¼,uð‘¼
ð‘½,vð‘½
ð‘¾,wð‘¾
ð‘¿,xð‘¿
ð’€,yð’€
ð’,zð’
ð’‚,að’‚
ð’ƒ,bð’ƒ
ð’„,cð’„
ð’…,dð’…
ð’†,eð’†
ð’‡,fð’‡
ð’ˆ,gð’ˆ
ð’‰,hð’‰
ð’Š,ið’Š
ð’‹,jð’‹
ð’Œ,kð’Œ
ð’,lð’
ð’Ž,m
ð’,nð’
ð’,oð’
ð’‘,pð’‘
ð’’,qð’’
ð’“,rð’“
ð’”,sð’”
ð’•,tð’•
ð’–,uð’–
ð’—,vð’—
ð’˜,wð’˜
ð’™,xð’™
ð’š,yð’š
ð’›,zð’›
ð’œ,að’œ
ð’ž,cð’ž
ð’Ÿ,dð’Ÿ
ð’¢,gð’¢
ð’¥,jð’¥
ð’¦,kð’¦
ð’©,nð’©
ð’ª,oð’ª
ð’«,pð’«
ð’¬,qð’¬
ð’®,sð’®
ð’¯,tð’¯
ð’°,uð’°
ð’±,vð’±
ð’²,wð’²
ð’³,xð’³
ð’´,yð’´
ð’µ,zð’µ
ð’¶,að’¶
ð’·,bð’·
ð’¸,cð’¸
ð’¹,dð’¹
ð’»,fð’»
ð’½,hð’½
ð’¾,ið’¾
ð’¿,jð’¿
ð“€,kð“€
ð“,lð“
ð“ƒ,nð“ƒ
ð“…,pð“…
ð“†,qð“†
ð“‡,rð“‡
ð“ˆ,sð“ˆ
ð“‰,tð“‰
ð“Š,uð“Š
ð“‹,vð“‹
ð“Œ,wð“Œ
ð“,xð“
ð“Ž,yð“Ž
ð“,zð“
ð“,að“
ð“‘,bð“‘
ð“’,cð“’
ð““,dð““
ð“”,eð“”
ð“•,fð“•
ð“–,gð“–
ð“—,hð“—
ð“˜,ilð“˜
ð“™,jð“™
ð“š,kð“š
ð“›,lð“›
ð“œ,mð“œ
ð“,nð“
ð“ž,oð“ž
ð“Ÿ,pð“Ÿ
ð“ ,qð“ 
ð“¡,rð“¡
ð“¢,sð“¢
ð“£,tð“£
ð“¤,uð“¤
ð“¥,vð“¥
ð“¦,wð“¦
ð“§,xð“§
ð“¨,yð“¨
ð“©,zð“©
ð“ª,að“ª
ð“«,bð“«
ð“¬,cð“¬
ð“­,dð“­
ð“®,eð“®
ð“¯,fð“¯
ð“°,gð“°
ð“±,hð“±
ð“²,ið“²
ð“³,jð“³
ð“´,kð“´
ð“µ,lð“µ
ð“¶,m
ð“·,nð“·
ð“¸,oð“¸
ð“¹,pð“¹
ð“º,qð“º
ð“»,rð“»
ð“¼,sð“¼
ð“½,tð“½
ð“¾,uð“¾
ð“¿,vð“¿
ð”€,wð”€
ð”,xð”
ð”‚,yð”‚
ð”ƒ,zð”ƒ
ð”„,að”„
ð”…,bð”…
ð”‡,dð”‡
ð”ˆ,eð”ˆ
ð”‰,fð”‰
ð”Š,gð”Š
ð”,jð”
ð”Ž,kð”Ž
ð”,lð”
ð”,mð”
ð”‘,nð”‘
ð”’,oð”’
ð”“,pð”“
ð””,qð””
ð”–,sð”–
ð”—,tð”—
ð”˜,uð”˜
ð”™,vð”™
ð”š,wð”š
ð”›,xð”›
ð”œ,yð”œ
ð”ž,að”ž
ð”Ÿ,bð”Ÿ
ð” ,cð” 
ð”¡,dð”¡
ð”¢,eð”¢
ð”£,fð”£
ð”¤,gð”¤
ð”¥,hð”¥
ð”¦,ið”¦
ð”§,jð”§
ð”¨,kð”¨
ð”©,lð”©
ð”ª,m
ð”«,nð”«
ð”¬,oð”¬
ð”­,pð”­
ð”®,qð”®
ð”¯,rð”¯
ð”°,sð”°
ð”±,tð”±
ð”²,uð”²
ð”³,vð”³
ð”´,wð”´
ð”µ,xð”µ
ð”¶,yð”¶
ð”·,zð”·
ð”¸,að”¸
ð”¹,bð”¹
ð”»,dð”»
ð”¼,eð”¼
ð”½,fð”½
ð”¾,gð”¾
ð•€,ilð•€
ð•,jð•
ð•‚,kð•‚
ð•ƒ,lð•ƒ
ð•„,mð•„
ð•†,oð•†
ð•Š,sð•Š
ð•‹,tð•‹
ð•Œ,uð•Œ
ð•,vð•
ð•Ž,wð•Ž
ð•,xð•
ð•,yð•
ð•’,að•’
ð•“,bð•“
ð•”,cð•”
ð••,dð••
ð•–,eð•–
ð•—,fð•—
ð•˜,gð•˜
ð•™,hð•™
ð•š,ið•š
ð•›,jð•›
ð•œ,kð•œ
ð•,lð•
ð•ž,m
ð•Ÿ,nð•Ÿ
ð• ,oð• 
ð•¡,pð•¡
ð•¢,qð•¢
ð•£,rð•£
ð•¤,sð•¤
ð•¥,tð•¥
ð•¦,uð•¦
ð•§,vð•§
ð•¨,wð•¨
ð•©,xð•©
ð•ª,yð•ª
ð•«,zð•«
ð•¬,að•¬
ð•­,bð•­
ð•®,cð•®
ð•¯,dð•¯
ð•°,eð•°
ð•±,fð•±
ð•²,gð•²
ð•³,hð•³
ð•´,ilð•´
ð•µ,jð•µ
ð•¶,kð•¶
ð•·,lð•·
ð•¸,mð•¸
ð•¹,nð•¹
ð•º,oð•º
ð•»,pð•»
ð•¼,qð•¼
ð•½,rð•½
ð•¾,sð•¾
ð•¿,tð•¿
ð–€,uð–€
ð–,vð–
ð–‚,wð–‚
ð–ƒ,xð–ƒ
ð–„,yð–„
ð–…,zð–…
ð–†,að–†
ð–‡,bð–‡
ð–ˆ,cð–ˆ
ð–‰,dð–‰
ð–Š,eð–Š
ð–‹,fð–‹
ð–Œ,gð–Œ
ð–,hð–
ð–Ž,ið–Ž
ð–,jð–
ð–,kð–
ð–‘,lð–‘
ð–’,m
ð–“,nð–“
ð–”,oð–”
ð–•,pð–•
ð––,qð––
ð–—,rð–—
ð–˜,sð–˜
ð–™,tð–™
ð–š,uð–š
ð–›,vð–›
ð–œ,wð–œ
ð–,xð–
ð–ž,yð–ž
ð–Ÿ,zð–Ÿ
ð– ,að– 
ð–¡,bð–¡
ð–¢,cð–¢
ð–£,dð–£
ð–¤,eð–¤
ð–¥,fð–¥
ð–¦,gð–¦
ð–§,hð–§
ð–¨,ilð–¨
ð–©,jð–©
ð–ª,kð–ª
ð–«,lð–«
ð–¬,mð–¬
ð–­,nð–­
ð–®,oð–®
ð–¯,pð–¯
ð–°,qð–°
ð–±,rð–±
ð–²,sð–²
ð–³,tð–³
ð–´,uð–´
ð–µ,vð–µ
ð–¶,wð–¶
ð–·,xð–·
ð–¸,yð–¸
ð–¹,zð–¹
ð–º,að–º
ð–»,bð–»
ð–¼,cð–¼
ð–½,dð–½
ð–¾,eð–¾
ð–¿,fð–¿
ð—€,gð—€
ð—,hð—
ð—‚,ið—‚
ð—ƒ,jð—ƒ
ð—„,kð—„
ð—…,lð—…
ð—†,m
ð—‡,nð—‡
ð—ˆ,oð—ˆ
ð—‰,pð—‰
ð—Š,qð—Š
ð—‹,rð—‹
ð—Œ,sð—Œ
ð—,tð—
ð—Ž,uð—Ž
ð—,vð—
ð—,wð—
ð—‘,xð—‘
ð—’,yð—’
ð—“,zð—“
ð—”,að—”
ð—•,bð—•
ð—–,cð—–
ð——,dð——
ð—˜,eð—˜
ð—™,fð—™
ð—š,gð—š
ð—›,hð—›
ð—œ,ilð—œ
ð—,jð—
ð—ž,kð—ž
ð—Ÿ,lð—Ÿ
ð— ,mð— 
ð—¡,nð—¡
ð—¢,oð—¢
ð—£,pð—£
ð—¤,qð—¤
ð—¥,rð—¥
ð—¦,sð—¦
ð—§,tð—§
ð—¨,uð—¨
ð—©,vð—©
ð—ª,wð—ª
ð—«,xð—«
ð—¬,yð—¬
ð—­,zð—­
ð—®,að—®
ð—¯,bð—¯
ð—°,cð—°
ð—±,dð—±
ð—²,eð—²
ð—³,fð—³
ð—´,gð—´
ð—µ,hð—µ
ð—¶,ið—¶
ð—·,jð—·
ð—¸,kð—¸
ð—¹,lð—¹
ð—º,m
ð—»,nð—»
ð—¼,oð—¼
ð—½,pð—½
ð—¾,qð—¾
ð—¿,rð—¿
ð˜€,sð˜€
ð˜,tð˜
ð˜‚,uð˜‚
ð˜ƒ,vð˜ƒ
ð˜„,wð˜„
ð˜…,xð˜…
ð˜†,yð˜†
ð˜‡,zð˜‡
ð˜ˆ,að˜ˆ
ð˜‰,bð˜‰
ð˜Š,cð˜Š
ð˜‹,dð˜‹
ð˜Œ,eð˜Œ
ð˜,fð˜
ð˜Ž,gð˜Ž
ð˜,hð˜
ð˜,ilð˜
ð˜‘,jð˜‘
ð˜’,kð˜’
ð˜“,lð˜“
ð˜”,mð˜”
ð˜•,nð˜•
ð˜–,oð˜–
ð˜—,pð˜—
ð˜˜,qð˜˜
ð˜™,rð˜™
ð˜š,sð˜š
ð˜›,tð˜›
ð˜œ,uð˜œ
ð˜,vð˜
ð˜ž,wð˜ž
ð˜Ÿ,xð˜Ÿ
ð˜ ,yð˜ 
ð˜¡,zð˜¡
ð˜¢,að˜¢
ð˜£,bð˜£
ð˜¤,cð˜¤
ð˜¥,dð˜¥
ð˜¦,eð˜¦
ð˜§,fð˜§
ð˜¨,gð˜¨
ð˜©,hð˜©
ð˜ª,ið˜ª
ð˜«,jð˜«
ð˜¬,kð˜¬
ð˜­,lð˜­
ð˜®,m
ð˜¯,nð˜¯
ð˜°,oð˜°
ð˜±,pð˜±
ð˜²,qð˜²
ð˜³,rð˜³
ð˜´,sð˜´
ð˜µ,tð˜µ
ð˜¶,uð˜¶
ð˜·,vð˜·
ð˜¸,wð˜¸
ð˜¹,xð˜¹
ð˜º,yð˜º
ð˜»,zð˜»
ð˜¼,að˜¼
ð˜½,bð˜½
ð˜¾,cð˜¾
ð˜¿,dð˜¿
ð™€,eð™€
ð™,fð™
ð™‚,gð™‚
ð™ƒ,hð™ƒ
ð™„,ilð™„
ð™…,jð™…
ð™†,kð™†
ð™‡,lð™‡
ð™ˆ,mð™ˆ
ð™‰,nð™‰
ð™Š,oð™Š
ð™‹,pð™‹
ð™Œ,qð™Œ
ð™,rð™
ð™Ž,sð™Ž
ð™,tð™
ð™,uð™
ð™‘,vð™‘
ð™’,wð™’
ð™“,xð™“
ð™”,yð™”
ð™•,zð™•
ð™–,að™–
ð™—,bð™—
ð™˜,cð™˜
ð™™,dð™™
ð™š,eð™š
ð™›,fð™›
ð™œ,gð™œ
ð™,hð™
ð™ž,ið™ž
ð™Ÿ,jð™Ÿ
ð™ ,kð™ 
ð™¡,lð™¡
ð™¢,m
ð™£,nð™£
ð™¤,oð™¤
ð™¥,pð™¥
ð™¦,qð™¦
ð™§,rð™§
ð™¨,sð™¨
ð™©,tð™©
ð™ª,uð™ª
ð™«,vð™«
ð™¬,wð™¬
ð™­,xð™­
ð™®,yð™®
ð™¯,zð™¯
ð™°,að™°
ð™±,bð™±
ð™²,cð™²
ð™³,dð™³
ð™´,eð™´
ð™µ,fð™µ
ð™¶,gð™¶
ð™·,hð™·
ð™¸,ilð™¸
ð™¹,jð™¹
ð™º,kð™º
ð™»,lð™»
ð™¼,mð™¼
ð™½,nð™½
ð™¾,oð™¾
ð™¿,pð™¿
ðš€,qðš€
ðš,rðš
ðš‚,sðš‚
ðšƒ,tðšƒ
ðš„,uðš„
ðš…,vðš…
ðš†,wðš†
ðš‡,xðš‡
ðšˆ,yðšˆ
ðš‰,zðš‰
ðšŠ,aðšŠ
ðš‹,bðš‹
ðšŒ,cðšŒ
ðš,dðš
ðšŽ,eðšŽ
ðš,fðš
ðš,gðš
ðš‘,hðš‘
ðš’,iðš’
ðš“,jðš“
ðš”,kðš”
ðš•,lðš•
ðš–,m
ðš—,nðš—
ðš˜,oðš˜
ðš™,pðš™
ðšš,qðšš
ðš›,rðš›
ðšœ,sðšœ
ðš,tðš
ðšž,uðšž
ðšŸ,vðšŸ
ðš ,wðš 
ðš¡,xðš¡
ðš¢,yðš¢
ðš£,zðš£
ðš¤,iðš¤
ðš¨,aðš¨
ðš©,bðš©
ðš¬,eðš¬
ðš­,zðš­
ðš®,hðš®
ðš°,lðš°
ðš±,kðš±
ðš³,mðš³
ðš´,nðš´
ðš¶,oðš¶
ðš¸,pðš¸
ðš»,tðš»
ðš¼,yðš¼
ðš¾,xðš¾
ð›‚,að›‚
ð›„,yð›„
ð›Š,ið›Š
ð›Ž,vð›Ž
ð›,oð›
ð›’,pð›’
ð›”,oð›”
ð›–,uð›–
ð› ,pð› 
ð›¢,að›¢
ð›£,bð›£
ð›¦,eð›¦
ð›§,zð›§
ð›¨,hð›¨
ð›ª,lð›ª
ð›«,kð›«
ð›­,mð›­
ð›®,nð›®
ð›°,oð›°
ð›²,pð›²
ð›µ,tð›µ
ð›¶,yð›¶
ð›¸,xð›¸
ð›¼,að›¼
ð›¾,yð›¾
ðœ„,iðœ„
ðœˆ,vðœˆ
ðœŠ,oðœŠ
ðœŒ,pðœŒ
ðœŽ,oðœŽ
ðœ,uðœ
ðœš,pðœš
ðœœ,aðœœ
ðœ,bðœ
ðœ ,eðœ 
ðœ¡,zðœ¡
ðœ¢,hðœ¢
ðœ¤,lðœ¤
ðœ¥,kðœ¥
ðœ§,mðœ§
ðœ¨,nðœ¨
ðœª,oðœª
ðœ¬,pðœ¬
ðœ¯,tðœ¯
ðœ°,yðœ°
ðœ²,xðœ²
ðœ¶,aðœ¶
ðœ¸,yðœ¸
ðœ¾,iðœ¾
ð‚,vð‚
ð„,oð„
ð†,pð†
ðˆ,oðˆ
ðŠ,uðŠ
ð”,pð”
ð–,að–
ð—,bð—
ðš,eðš
ð›,zð›
ðœ,hðœ
ðž,lðž
ðŸ,kðŸ
ð¡,mð¡
ð¢,nð¢
ð¤,oð¤
ð¦,pð¦
ð©,tð©
ðª,yðª
ð¬,xð¬
ð°,að°
ð²,yð²
ð¸,ið¸
ð¼,vð¼
ð¾,oð¾
ðž€,pðž€
ðž‚,oðž‚
ðž„,uðž„
ðžŽ,pðžŽ
ðž,aðž
ðž‘,bðž‘
ðž”,eðž”
ðž•,zðž•
ðž–,hðž–
ðž˜,lðž˜
ðž™,kðž™
ðž›,mðž›
ðžœ,nðžœ
ðžž,oðžž
ðž ,pðž 
ðž£,tðž£
ðž¤,yðž¤
ðž¦,xðž¦
ðžª,aðžª
ðž¬,yðž¬
ðž²,iðž²
ðž¶,vðž¶
ðž¸,oðž¸
ðžº,pðžº
ðž¼,oðž¼
ðž¾,uðž¾
ðŸˆ,pðŸˆ
ðŸŠ,fðŸŠ
ðŸŽ,oðŸŽ
ðŸ,lðŸ
ðŸ,2ðŸ
ðŸ‘,3ðŸ‘
ðŸ’,4ðŸ’
ðŸ“,5ðŸ“
ðŸ”,6ðŸ”
ðŸ•,7ðŸ•
ðŸ–,8ðŸ–
ðŸ—,9ðŸ—
ðŸ˜,oðŸ˜
ðŸ™,lðŸ™
ðŸš,2ðŸš
ðŸ›,3ðŸ›
ðŸœ,4ðŸœ
ðŸ,5ðŸ
ðŸž,6ðŸž
ðŸŸ,7ðŸŸ
ðŸ ,8ðŸ 
ðŸ¡,9ðŸ¡
ðŸ¢,oðŸ¢
ðŸ£,lðŸ£
ðŸ¤,2ðŸ¤
ðŸ¥,3ðŸ¥
ðŸ¦,4ðŸ¦
ðŸ§,5ðŸ§
ðŸ¨,6ðŸ¨
ðŸ©,7ðŸ©
ðŸª,8ðŸª
ðŸ«,9ðŸ«
ðŸ¬,oðŸ¬
ðŸ­,lðŸ­
ðŸ®,2ðŸ®
ðŸ¯,3ðŸ¯
ðŸ°,4ðŸ°
ðŸ±,5ðŸ±
ðŸ²,6ðŸ²
ðŸ³,7ðŸ³
ðŸ´,8ðŸ´
ðŸµ,9ðŸµ
ðŸ¶,oðŸ¶
ðŸ·,lðŸ·
ðŸ¸,2ðŸ¸
ðŸ¹,3ðŸ¹
ðŸº,4ðŸº
ðŸ»,5ðŸ»
ðŸ¼,6ðŸ¼
ðŸ½,7ðŸ½
ðŸ¾,8ðŸ¾
ðŸ¿,9ðŸ¿
ðž£‡,lðž£‡
ðž£‹,8ðž£‹
ðž¤€,ðž¤¢
ðž¤,ðž¤£
ðž¤‚,ðž¤¤
ðž¤ƒ,ðž¤¥
ðž¤„,ðž¤¦
ðž¤…,ðž¤§
ðž¤†,ðž¤¨
ðž¤‡,ðž¤©
ðž¤ˆ,ðž¤ª
ðž¤‰,ðž¤«
ðž¤Š,ðž¤¬
ðž¤‹,ðž¤­
ðž¤Œ,ðž¤®
ðž¤,ðž¤¯
ðž¤Ž,ðž¤°
ðž¤,ðž¤±
ðž¤,ðž¤²
ðž¤‘,ðž¤³
ðž¤’,ðž¤´
ðž¤“,ðž¤µ
ðž¤”,ðž¤¶
ðž¤•,ðž¤·
ðž¤–,ðž¤¸
ðž¤—,ðž¤¹
ðž¤˜,ðž¤º
ðž¤™,ðž¤»
ðž¤š,ðž¤¼
ðž¤›,ðž¤½
ðž¤œ,ðž¤¾
ðž¤,ðž¤¿
ðž¤ž,ðž¥€
ðž¤Ÿ,ðž¥
ðž¤ ,ðž¥‚
ðž¤¡,ðž¥ƒ
ðž¸€,lðž¸€
ðž¸¤,oðž¸¤
ðž¹¤,oðž¹¤
ðžº€,lðžº€
ðžº„,oðžº„
ðŸ„°,a
ðŸ„±,b
ðŸ„²,c
ðŸ„³,d
ðŸ„´,e
ðŸ„µ,f
ðŸ„¶,g
ðŸ„·,h
ðŸ„¸,i
ðŸ„¹,j
ðŸ„º,k
ðŸ„»,l
ðŸ„¼,m
ðŸ„½,n
ðŸ„¾,o
ðŸ„¿,p
ðŸ…€,q
ðŸ…,r
ðŸ…‚,s
ðŸ…ƒ,t
ðŸ…„,u
ðŸ……,v
ðŸ…†,w
ðŸ…‡,x
ðŸ…ˆ,y
ðŸ…‰,z
ðŸ…,a
ðŸ…‘,b
ðŸ…’,c
ðŸ…“,d
ðŸ…”,e
ðŸ…•,f
ðŸ…–,g
ðŸ…—,h
ðŸ…˜,i
ðŸ…™,j
ðŸ…š,k
ðŸ…›,l
ðŸ…œ,m
ðŸ…,n
ðŸ…ž,o
ðŸ…Ÿ,p
ðŸ… ,q
ðŸ…¡,r
ðŸ…¢,s
ðŸ…£,t
ðŸ…¤,u
ðŸ…¥,v
ðŸ…¦,w
ðŸ…§,x
ðŸ…¨,y
ðŸ…©,z
ðŸ…°,a
ðŸ…±,b
ðŸ…²,c
ðŸ…³,d
ðŸ…´,e
ðŸ…µ,f
ðŸ…¶,g
ðŸ…·,h
ðŸ…¸,i
ðŸ…¹,j
ðŸ…º,k
ðŸ…»,l
ðŸ…¼,m
ðŸ…½,n
ðŸ…¾,o
ðŸ…¿,p
ðŸ†€,q
ðŸ†,r
ðŸ†‚,s
ðŸ†ƒ,t
ðŸ†„,u
ðŸ†…,v
ðŸ††,w
ðŸ†‡,x
ðŸ†ˆ,y
ðŸ†‰,z
ðŸŒ,cðŸŒ
ðŸ¨,tðŸ¨
ðŸ¯°,oðŸ¯°
ðŸ¯±,lðŸ¯±
ðŸ¯²,2ðŸ¯²
ðŸ¯³,3ðŸ¯³
ðŸ¯´,4ðŸ¯´
ðŸ¯µ,5ðŸ¯µ
ðŸ¯¶,6ðŸ¯¶
ðŸ¯·,7ðŸ¯·
ðŸ¯¸,8ðŸ¯¸
ðŸ¯¹,9ðŸ¯¹
